accounts_opened,bankruptcies,collections,credit_history,credit_inquiries_last_6_months,judgements,past_due_accounts,open_accounts,card_utilization,tax_liens,high_credit_limit,annual_income,historical_result
4,0,0,346,2,0,0,6,0.493271,0,44208,60000,TRUE
1,0,7,187,2,0,0,0,0,0,0,19344,FALSE
8,0,0,234,7,0,0,6,0.625556,0,27971,1800,TRUE
21,0,0,110,13,0,0,19,0.473017,0,66713,76000,TRUE
5,0,0,106,3,0,0,5,0.35632,0,24442,50000,TRUE
5,0,0,218,4,0,0,6,1.27,0,172172,87264,TRUE
4,0,0,192,7,0,0,11,0.670513,0,224937,70000,TRUE
3,0,0,270,4,0,0,4,1.06333,0,83296,56000,TRUE
4,0,0,131,0,0,0,4,0.171447,0,648494,105000,TRUE
1,0,0,118,1,0,1,4,0.495,0,23527,35000,TRUE
4,1,0,79,0,1,0,3,0,0,3809,35000,TRUE
0,0,6,196,0,0,0,0,0,0,0,25000,FALSE
8,0,2,207,4,0,0,9,0.272217,0,13150,42000,TRUE
2,0,0,10,0,0,0,1,0,0,13300,46000,TRUE
4,0,3,114,0,0,0,21,0,0,38753,12000,TRUE
4,0,0,79,1,0,0,6,0.719,0,23000,40000,TRUE
0,0,1,104,1,0,0,2,0,0,51900,12000,TRUE
5,0,0,192,0,0,2,4,1.04829,0,29372,75000,TRUE
6,1,0,259,1,0,0,4,1.2,0,28082,50000,TRUE
0,0,7,196,0,0,0,3,0.447529,0,34669,45000,TRUE
4,0,0,187,0,0,0,8,0.387745,0,39385,54000,TRUE
0,0,3,314,0,0,0,1,0,0,0,36000,FALSE
1,0,0,394,0,0,0,3,0,0,343751,65000,TRUE
7,0,0,41,0,0,0,8,0.702019,0,22292,22000,TRUE
6,0,0,121,4,0,0,14,0.68101,0,116299,52500,TRUE
3,0,0,21,14,0,0,2,0,0,5233,19000,TRUE
2,0,2,270,1,0,1,2,0,0,19512,65000,TRUE
1,0,7,246,1,0,0,1,0,0,15419,30000,TRUE
1,0,2,142,0,0,0,0,0,0,0,30000,FALSE
1,0,0,138,0,0,1,3,0.663333,0,53586,20000,TRUE
12,0,4,360,4,0,0,21,0.458857,0,102011,35500,TRUE
3,0,2,101,2,0,0,3,0,0,13248,30000,TRUE
1,0,2,107,1,0,0,2,0.836667,0,5784,15000,TRUE
5,0,0,383,3,0,0,8,0.295257,0,820302,115000,TRUE
7,0,0,72,1,0,0,7,0.533561,0,24359,35000,TRUE
6,0,0,109,5,0,0,5,0.856182,0,46821,29000,TRUE
14,0,0,266,5,0,0,15,0.893187,0,62847,171000,TRUE
3,0,0,130,2,0,0,5,0.195581,0,71569,65000,TRUE
6,0,1,340,6,0,0,18,0,0,126210,25000,TRUE
3,0,0,17,1,0,0,3,0.731765,0,3677,20000,TRUE
12,0,0,46,0,0,0,19,0.848732,0,77356,12000,TRUE
22,0,1,187,16,0,0,23,0.477565,0,57071,55000,TRUE
4,0,3,99,1,0,1,21,1.08176,0,79668,42000,TRUE
13,0,0,277,4,0,0,10,0.781739,0,41179,40000,TRUE
4,0,1,118,1,0,0,9,0.870149,0,60316,22000,TRUE
8,1,2,190,4,0,0,16,1.07606,0,45711,35000,TRUE
2,0,1,102,2,0,0,2,1.14462,0,1300,40000,TRUE
5,0,0,136,2,0,0,9,0.811021,0,193773,62000,TRUE
10,0,1,365,0,0,0,14,0.994606,0,33802,35000,TRUE
8,0,1,85,2,0,0,15,0.418909,0,49203,33000,TRUE
7,0,0,198,1,0,0,8,0.613194,0,27997,75000,TRUE
10,0,1,171,0,0,0,9,1.27509,0,53772,47000,TRUE
4,0,1,274,7,0,0,3,0.724706,0,28249,30000,TRUE
0,0,2,150,1,0,1,8,0,0,36300,64000,TRUE
1,0,5,269,2,0,0,1,0,0,11430,65000,TRUE
3,0,3,307,0,0,0,5,1.12333,0,74685,90000,TRUE
11,0,0,357,4,0,0,10,0.909888,0,24838,35500,TRUE
13,0,0,110,0,0,0,15,0.660531,0,270147,60000,TRUE
9,0,0,157,7,0,0,7,0.640667,0,76263,75000,TRUE
4,0,4,176,0,0,0,12,0.858088,0,100551,107000,TRUE
1,0,6,217,2,0,0,0,0,0,0,1738,FALSE
1,0,1,117,0,0,0,9,0.674297,0,69529,32500,TRUE
2,0,0,91,0,0,0,16,0.708997,0,152999,43451,TRUE
2,0,2,180,6,0,0,1,0.653333,0,300,40000,TRUE
4,0,1,155,2,0,0,5,1.0359,0,35228,90000,TRUE
0,0,4,345,0,0,0,2,0,0,20642,27000,TRUE
5,0,1,240,1,0,0,6,0.636977,0,139252,73000,TRUE
2,0,1,187,1,0,0,3,0.832917,0,2400,20000,TRUE
6,0,0,339,5,0,0,4,0.0971171,0,11100,20000,TRUE
5,0,0,439,2,0,0,7,0.66675,0,102200,74000,TRUE
2,0,1,222,0,0,0,2,0.975333,0,4125,68000,TRUE
1,0,4,214,0,0,0,1,0,0,14063,40000,TRUE
2,0,1,284,4,0,0,8,0.57808,0,281361,50000,TRUE
15,0,2,54,2,0,0,12,0.560835,0,59651,40000,TRUE
2,0,3,220,5,0,0,2,0,0,51728,24000,TRUE
4,0,1,180,0,0,0,15,0.958918,0,365732,74000,TRUE
7,0,0,97,1,0,0,7,0.194264,0,73894,57000,TRUE
2,0,1,128,0,0,0,10,0.532975,0,25269,41200,TRUE
8,0,3,183,3,1,0,0,0,0,0,34000,FALSE
4,0,2,140,0,0,0,12,0.695,0,71608,70000,TRUE
4,0,5,132,0,0,0,12,0.254194,0,45021,200000,TRUE
9,0,0,65,8,0,0,11,0.653974,0,235497,33280,TRUE
2,0,1,189,2,0,0,4,0.854353,0,25525,44000,TRUE
7,0,1,382,2,0,0,7,0.975822,0,39538,79600,TRUE
7,0,2,383,2,0,0,5,0.492222,0,5171,46000,TRUE
4,0,0,106,0,0,0,4,0.828657,0,6700,31000,TRUE
9,0,0,223,0,0,0,10,0.656923,0,262204,64788,TRUE
22,0,0,225,1,0,0,7,0.726995,0,96015,60000,TRUE
0,0,0,58,0,0,0,1,0,0,7899,30000,TRUE
3,0,1,78,1,1,0,6,0,0,28632,37960,TRUE
4,0,3,182,10,0,0,4,0.808,0,69058,25000,TRUE
0,0,2,187,1,0,0,1,0,0,14801,30000,TRUE
3,0,2,165,1,0,0,0,0,0,0,20400,TRUE
6,0,2,198,4,0,0,6,0.858333,0,1680,30000,TRUE
1,1,0,149,2,1,0,2,1,0,7778,50232,TRUE
4,0,5,168,13,0,0,11,0,0,31997,85000,TRUE
5,0,1,94,2,0,0,8,0.824294,0,93931,70000,TRUE
1,0,0,71,1,0,0,7,0.60725,0,33914,44150,TRUE
9,0,0,82,4,0,0,16,0.85098,0,24619,26736,TRUE
3,0,6,106,6,1,0,5,0.987516,0,38993,60000,TRUE
5,0,1,204,4,0,0,9,0.85375,0,68622,85000,TRUE
2,0,2,81,2,0,0,3,0,0,36189,78000,TRUE
1,0,1,154,2,0,0,3,0.736579,0,3800,78000,TRUE
1,0,6,59,1,0,0,1,0,0,8011,35000,TRUE
1,0,2,184,1,0,0,0,0,0,0,15000,FALSE
3,0,3,116,1,3,0,1,0,0,16442,35000,FALSE
3,0,0,75,1,0,0,5,0.857989,0,25914,25000,TRUE
4,0,6,179,1,0,0,26,0.349697,0,143969,41600,TRUE
17,0,0,58,13,0,1,16,0.656744,0,74674,35000,TRUE
1,0,1,263,0,0,0,0,0,0,0,24000,FALSE
4,0,1,188,1,0,0,3,1.016,0,1975,21000,TRUE
0,0,4,150,3,0,1,1,0,0,15733,50000,FALSE
3,0,1,174,13,0,0,4,0.0833333,0,28560,27000,TRUE
2,0,0,98,0,0,0,5,0.561493,0,13400,29000,TRUE
4,0,10,198,8,0,0,5,0,0,6651,30000,TRUE
4,0,2,54,4,0,0,3,0,0,36500,70000,TRUE
0,0,3,96,0,0,0,0,0,0,0,1000,FALSE
2,0,5,328,5,0,0,3,0.433594,0,1024,24000,TRUE
3,0,0,186,1,0,0,6,0.862275,0,75080,36000,TRUE
4,0,3,342,2,0,0,16,0.204238,0,73237,68268,TRUE
7,0,2,247,0,0,0,6,0.641707,0,33784,48000,TRUE
3,0,4,269,0,1,0,2,0,0,12326,40000,TRUE
3,0,1,225,5,0,1,3,0.061,0,45356,36000,TRUE
3,0,5,129,2,0,0,6,0,0,15375,45000,TRUE
2,0,2,91,2,0,0,6,0.813725,0,27425,33410,TRUE
4,0,0,89,2,0,1,3,1.05085,0,31055,77000,FALSE
3,0,2,278,0,0,0,2,0.616915,0,34369,62000,TRUE
0,0,2,145,1,0,0,0,0,0,0,9000,FALSE
29,0,1,284,2,0,0,5,0,0,4208,31000,TRUE
3,0,1,218,3,0,0,3,0,0,21508,65000,TRUE
11,0,3,143,6,0,0,15,0.189022,0,18146,18000,TRUE
1,0,0,129,0,0,0,5,0.470871,0,28700,30000,TRUE
1,0,0,70,0,0,0,2,1.046,0,2041,33108,TRUE
9,3,2,363,6,0,0,10,0,0,14783,40000,FALSE
3,0,1,152,0,0,0,10,0.739568,0,50180,50000,TRUE
3,0,2,121,0,0,1,9,0.873333,0,28000,30472,TRUE
2,0,2,183,1,0,0,2,0,0,18588,40000,TRUE
3,0,0,121,1,0,0,8,0.360237,0,77959,25747,TRUE
3,0,0,414,0,0,0,3,0.981893,0,25350,80000,TRUE
12,0,0,267,8,0,0,12,0.121654,0,129582,36000,TRUE
1,0,5,112,0,0,0,3,0,0,23838,28000,TRUE
7,0,1,236,8,0,0,1,0,0,1960,17400,TRUE
5,0,2,170,0,0,0,6,0.3776,0,23101,40000,TRUE
1,0,2,81,1,0,0,2,0,0,176242,22000,TRUE
1,0,0,93,6,0,0,1,0.118182,0,550,41200,FALSE
8,0,0,225,0,0,0,16,0.597657,0,64897,135000,TRUE
7,0,0,111,8,0,1,7,0.33044,0,35660,65000,TRUE
3,0,0,306,1,0,0,3,0.0796111,0,109800,165000,TRUE
8,0,0,151,3,0,0,11,0.70898,0,33443,29295,TRUE
2,0,2,365,0,0,0,1,0.408333,0,600,24000,TRUE
2,0,0,30,3,0,0,2,0.363478,0,7993,30000,TRUE
7,0,2,100,1,0,0,9,0.608667,0,46996,10459,TRUE
5,0,0,53,1,0,0,6,0.711972,0,42462,32633,TRUE
13,0,2,168,2,0,0,16,0.354113,0,104250,78000,TRUE
4,0,2,35,1,0,0,3,0.515618,0,2273,27000,FALSE
5,0,1,83,7,0,0,12,0,0,31021,26000,TRUE
3,0,0,46,1,0,0,3,0.298,0,30784,25000,TRUE
2,0,0,65,0,0,0,1,0.9655,0,2000,36000,TRUE
7,0,0,66,4,0,0,3,0.398,0,2652,28600,TRUE
6,0,0,429,1,0,0,14,0.871042,0,209586,70000,TRUE
3,0,5,79,3,0,0,6,0,0,10374,30000,TRUE
2,0,0,156,3,0,0,3,0.31194,0,3350,30000,TRUE
3,0,0,36,0,0,0,2,0.916,0,1875,35000,TRUE
2,0,0,221,1,0,1,13,0.851742,0,142374,50000,TRUE
2,0,2,217,1,0,0,12,0.537143,0,58141,29184,TRUE
2,0,2,311,0,0,0,7,1.06459,0,35443,44500,TRUE
2,0,2,116,2,0,0,4,0,0,22421,25000,FALSE
10,0,9,90,5,0,1,7,1.01396,0,77758,50000,TRUE
2,0,5,123,0,0,0,1,0,0,10699,35000,TRUE
6,0,3,108,4,0,0,13,0.393333,0,45986,38480,TRUE
2,0,3,71,2,0,0,6,0.362,0,230000,118000,TRUE
1,0,4,389,2,0,0,5,0.860225,0,282200,49000,TRUE
2,0,0,129,2,0,0,3,0.96,0,89402,51500,TRUE
7,0,0,117,0,0,0,6,0.35,0,62102,62000,TRUE
5,0,0,22,4,0,0,4,0.387692,0,1300,10000,TRUE
5,0,4,151,0,0,0,18,0.77,0,82881,58000,TRUE
3,0,0,114,2,0,0,4,0,0,359010,47200,TRUE
3,0,0,89,0,0,0,2,0.207583,0,12000,18300,TRUE
14,0,0,125,0,0,0,19,0.683242,0,64009,45000,TRUE
6,0,0,181,0,0,0,7,0.545488,0,161313,60000,TRUE
4,0,0,52,2,0,0,3,0.349349,0,51210,38000,TRUE
4,0,0,43,4,0,0,3,0.24699,0,10300,75000,TRUE
4,0,3,255,3,0,0,4,1.01179,0,9532,65000,TRUE
3,0,8,232,1,0,0,8,0,0,42605,30000,TRUE
4,0,0,76,5,0,0,9,0.25543,0,137263,36000,TRUE
4,0,0,21,0,0,0,3,0.81566,0,11750,86000,TRUE
1,0,1,126,0,0,0,4,0,0,17661,26000,FALSE
2,0,5,396,1,0,0,1,0,0,839,2500,FALSE
4,0,0,54,1,0,0,6,0.802069,0,8867,35000,TRUE
3,0,0,62,0,0,0,4,0.93075,0,51582,35360,TRUE
4,0,9,333,0,0,0,15,0.353208,0,50950,45000,TRUE
3,0,0,232,4,0,1,6,1.04458,0,179854,64000,TRUE
8,0,0,75,6,0,0,9,0.572283,0,404724,120000,TRUE
6,0,1,149,2,0,0,4,0.91268,3,9338,57000,TRUE
10,0,0,352,0,0,0,24,0.865083,0,146803,40000,TRUE
3,0,1,119,7,0,0,3,0.9936,0,8249,34000,TRUE
2,0,0,6,4,0,0,2,0.645,0,9695,19200,TRUE
3,0,2,142,0,0,0,14,1.47667,0,29935,50000,FALSE
3,0,0,178,0,0,0,9,0.613231,0,155477,38988,TRUE
3,0,4,189,4,0,0,3,0.186,0,21783,125000,TRUE
0,0,3,153,0,0,0,1,0,0,16781,26000,TRUE
2,0,5,302,3,0,0,12,1.13333,0,100570,35000,TRUE
0,0,3,185,0,0,0,8,0.782,0,33595,35000,TRUE
4,0,1,219,3,0,0,4,0.708789,0,88427,314976,TRUE
0,0,1,32,1,0,0,0,0,0,0,54000,FALSE
5,0,1,117,0,0,0,1,0,0,8580,19200,TRUE
2,0,0,29,1,0,0,2,0.724,0,23000,15000,TRUE
6,0,0,84,0,0,0,6,0.711615,0,59446,110000,TRUE
4,0,1,485,0,0,2,5,1.02133,0,53368,35000,TRUE
22,0,0,230,10,0,0,3,0.368533,0,85750,175000,TRUE
4,0,4,286,4,0,1,8,0.516667,0,58935,52686,TRUE
4,0,3,340,1,0,0,26,0.762413,0,242743,105000,TRUE
1,0,2,66,5,0,0,4,0,0,23637,32000,TRUE
5,0,0,4,14,0,0,6,0.657459,0,37000,63000,TRUE
1,0,0,67,8,0,0,3,0.432096,0,22900,157000,TRUE
5,0,0,91,1,0,0,6,0.126311,0,59395,30000,TRUE
5,0,1,61,0,0,0,12,1.094,0,28240,9000,TRUE
8,0,0,221,1,0,0,7,0.711151,0,41650,70000,TRUE
26,0,9,168,5,0,0,8,0,0,36184,40800,TRUE
1,0,3,166,0,0,0,0,0,0,0,40000,FALSE
1,0,0,210,0,0,0,3,0.62864,0,21712,52000,TRUE
10,0,2,229,2,0,0,10,0.266705,0,263598,100000,TRUE
4,0,0,63,0,0,0,11,0.835714,0,21750,30000,TRUE
10,0,0,137,0,0,0,15,0.624814,0,122064,130000,TRUE
13,0,0,122,1,0,0,13,0.791007,0,55161,48000,TRUE
5,0,0,270,2,0,0,10,0.853736,0,90963,70000,TRUE
4,0,0,226,0,0,0,8,0.0576657,0,105593,300000,TRUE
3,0,5,132,0,0,0,5,0,0,12930,21000,TRUE
18,0,1,137,6,0,0,19,0.934626,0,163985,73000,TRUE
5,0,0,148,0,0,1,4,0.219048,0,21650,55000,TRUE
3,0,1,148,1,0,0,3,1.0925,0,108349,7200,TRUE
0,0,2,165,0,0,0,1,0,0,32,30000,FALSE
9,0,2,138,1,0,0,10,0.381327,0,85424,45000,TRUE
2,0,2,168,0,0,0,1,0,0,9892,67000,TRUE
9,0,0,211,1,0,0,8,0.210846,0,187990,45000,TRUE
2,0,5,259,1,0,0,6,0.68,0,103600,67000,TRUE
1,0,0,15,0,0,0,1,0.753333,0,1200,25000,TRUE
7,0,0,324,5,0,0,7,0.649586,0,67533,120000,TRUE
9,0,0,143,3,0,0,16,0.923008,0,73367,44900,TRUE
7,0,0,176,1,0,0,11,0.625784,0,53381,40000,TRUE
2,0,1,27,0,0,0,4,0.86375,0,21044,18000,TRUE
1,0,0,84,0,0,0,0,0,0,0,50000,FALSE
23,0,0,239,35,0,0,25,0.217245,0,100653,79000,TRUE
1,0,9,129,4,0,0,9,0,0,32366,23000,TRUE
0,0,4,79,0,0,0,1,0,0,21295,16632,TRUE
4,0,3,121,0,0,0,5,0.915278,0,20504,36691,TRUE
11,0,0,98,0,0,0,27,0.232593,0,332754,62400,TRUE
6,0,3,230,6,0,0,2,1.37,0,26091,4000,FALSE
12,0,0,187,2,0,0,20,0.913036,0,107597,47000,TRUE
1,0,3,270,8,0,0,1,0.72475,0,4000,60000,TRUE
2,0,0,109,3,0,0,6,0.885865,0,36000,35000,TRUE
8,0,0,314,4,0,0,11,0.309349,0,584054,170000,TRUE
7,0,0,330,4,0,0,4,0.236615,0,6500,28000,TRUE
2,0,4,208,2,0,0,8,0.935,0,41511,45000,TRUE
5,0,2,115,2,0,0,5,0.807826,0,179562,77000,TRUE
7,0,0,120,0,0,0,22,0.723655,0,81180,30000,TRUE
0,1,8,270,0,0,0,1,0,0,43771,41600,FALSE
2,0,3,72,0,0,0,5,0,0,22934,45000,TRUE
4,0,0,195,5,0,0,7,0.970136,0,43042,35000,TRUE
6,0,0,86,1,0,0,15,0.797436,0,59448,33000,TRUE
3,0,1,225,2,0,0,6,0.470455,0,215119,40000,TRUE
1,0,4,178,0,0,0,7,0.081282,0,21610,40000,TRUE
7,0,0,95,1,0,0,10,0.773902,0,146573,28800,TRUE
5,0,6,115,3,0,0,4,0.903393,0,12572,18108,TRUE
6,0,0,284,0,0,0,5,0,0,265077,42000,TRUE
9,0,0,174,2,0,0,16,0.208331,0,78504,63000,TRUE
5,0,1,143,0,0,0,6,0.868824,0,97399,85000,TRUE
1,0,2,109,0,0,0,1,0,0,36995,45000,FALSE
7,0,1,146,1,0,0,16,0.689195,0,40856,32000,TRUE
8,0,1,45,1,0,0,7,0.37,0,29275,19000,TRUE
1,0,1,170,0,0,0,2,0,0,37048,35000,TRUE
3,0,3,316,1,0,0,5,0.971,0,11516,60000,TRUE
8,0,2,266,7,0,0,8,0.754,0,35362,34000,TRUE
5,0,0,157,1,0,0,6,0.3053,0,62121,60000,TRUE
2,0,0,68,0,0,0,8,0.196667,0,145735,52000,TRUE
1,0,1,256,7,0,0,1,0,0,17416,16000,TRUE
9,0,5,288,2,0,1,3,0.888,0,3527,28000,TRUE
4,0,0,88,0,0,0,7,0.874538,0,25501,35000,TRUE
2,0,0,250,0,0,0,7,0.706212,0,40979,41000,TRUE
0,0,1,311,3,0,0,2,0,0,30088,67000,TRUE
2,0,2,108,0,0,0,2,0,0,5519,18000,TRUE
6,0,0,284,2,0,0,3,0,0,104124,80000,TRUE
1,0,1,115,1,0,0,10,0.232727,0,70831,43500,TRUE
6,0,1,66,6,0,0,5,0.638362,0,70918,22000,TRUE
8,0,6,250,0,0,0,10,1.945,0,78142,60000,FALSE
3,0,1,54,4,0,0,3,1.4,0,4950,20000,TRUE
12,0,2,372,2,0,0,10,0.409709,0,33291,50000,TRUE
2,0,0,45,1,0,0,1,0,0,12064,60000,TRUE
7,0,1,188,3,0,0,9,0.620177,0,74256,32000,TRUE
4,0,3,236,2,0,0,2,0,0,16992,24000,TRUE
2,0,3,97,0,0,0,2,0,0,9500,34000,TRUE
5,0,0,58,1,0,0,13,0.785147,0,55074,55019,TRUE
15,0,1,158,8,1,0,5,0.0157143,0,31194,106000,TRUE
6,0,0,253,2,0,0,12,0.859481,0,106346,46800,TRUE
0,0,0,185,2,0,0,1,0.0376,0,5000,2000,TRUE
5,0,2,117,1,0,0,10,1.2995,0,24418,39000,TRUE
6,0,7,70,6,0,0,14,0.483333,0,57422,50000,TRUE
3,0,0,236,7,0,0,4,0.963333,0,140255,80000,TRUE
2,0,0,71,0,0,0,5,0.647297,0,25896,0,TRUE
1,0,0,129,0,0,0,7,0.764885,0,34705,35000,TRUE
3,0,0,21,1,0,0,2,0.731684,0,3194,45000,TRUE
1,0,2,144,1,0,0,1,0,0,19266,1000,TRUE
7,0,0,134,0,0,0,24,0.766443,0,107074,32000,TRUE
4,0,1,246,4,0,0,5,0.877368,0,61936,30000,TRUE
3,0,7,321,2,0,1,2,0.918393,0,12600,60000,TRUE
9,0,2,305,2,0,0,8,0.821739,0,22895,95000,TRUE
2,0,3,263,0,0,0,11,0.40625,0,45696,25000,TRUE
14,0,1,182,1,0,5,20,1.07216,0,363668,67000,TRUE
13,0,0,151,0,0,0,30,0.633836,0,414340,96000,TRUE
3,1,2,264,10,0,0,1,0,0,24113,41000,TRUE
2,0,5,308,3,0,0,3,0.126364,0,12523,16800,TRUE
3,0,1,110,2,0,0,3,0,0,6083,10000,TRUE
4,0,2,108,17,0,0,3,0,0,64280,110436,TRUE
3,0,8,142,4,0,0,8,0.879372,1,64679,45000,TRUE
3,0,4,134,0,0,0,21,0,0,54537,31000,TRUE
2,0,3,102,0,0,0,4,1.148,0,31305,28000,TRUE
3,0,0,294,2,0,0,3,0.128,0,60997,250000,TRUE
7,0,2,208,6,0,0,13,0.477204,0,38882,52000,TRUE
6,0,3,154,0,0,0,7,0.621027,0,23641,47605,TRUE
1,0,1,46,0,0,0,0,0,0,0,24000,FALSE
3,0,0,111,4,0,0,9,0.518898,0,49857,40000,TRUE
0,0,6,85,1,0,0,2,0,0,9500,22000,TRUE
3,0,0,181,5,0,0,10,0.840427,0,109808,66000,TRUE
12,0,0,355,3,0,0,9,0.558895,0,57797,64000,TRUE
2,0,2,227,3,0,1,10,0.920025,0,107305,70000,TRUE
2,0,0,147,2,0,0,6,0.0535286,0,126383,100000,TRUE
3,0,5,191,2,1,0,1,0,0,1821,15000,FALSE
1,0,0,98,0,0,0,1,0,0,17094,1800,TRUE
2,0,2,149,2,1,0,3,0,0,38650,11424,TRUE
4,0,6,267,0,0,0,9,0,0,135457,28000,TRUE
0,1,3,176,0,0,0,0,0,0,0,55000,FALSE
6,0,2,238,1,0,0,9,0.35493,0,203689,49000,TRUE
3,0,0,135,2,0,0,15,0.980478,0,333965,58000,TRUE
4,0,0,326,0,0,0,5,0.853571,0,64610,32000,TRUE
2,0,2,73,1,0,0,4,0.89,0,126079,47000,TRUE
3,0,0,179,1,0,0,8,0.231974,0,90111,36000,TRUE
5,0,0,216,3,0,0,8,0.790612,0,87530,103000,TRUE
0,0,0,392,0,0,0,4,0.815737,0,181386,120000,TRUE
14,0,0,90,1,0,0,12,0.653022,0,159286,32000,TRUE
9,0,0,282,19,0,3,9,0.98285,0,51077,100000,TRUE
8,0,0,135,3,0,0,6,0.794615,0,139800,98000,TRUE
2,0,2,210,1,0,0,3,0.6235,0,27000,32000,TRUE
22,0,0,349,1,0,0,31,0.563226,0,462002,107000,TRUE
2,0,0,77,2,0,0,2,1.00818,0,2200,0,TRUE
1,0,0,234,1,0,0,2,1.17,0,12280,43000,TRUE
0,0,2,113,9,0,0,0,0,0,0,24000,TRUE
1,0,0,230,0,0,0,1,0,0,9474,16000,TRUE
4,0,2,194,5,0,0,4,0.82,0,41514,50000,TRUE
11,0,2,117,8,0,0,9,0.794321,0,82005,45000,TRUE
3,0,0,91,3,0,0,4,0.852918,0,46502,52000,TRUE
1,0,0,49,1,0,0,1,0,0,400,15000,TRUE
1,0,3,144,0,0,0,3,0,0,35713,15000,TRUE
2,0,1,110,2,0,0,8,0.9725,0,80209,31200,TRUE
6,0,8,95,17,0,0,14,0,0,47583,36000,TRUE
6,0,1,551,0,0,0,6,0.869571,0,35748,86000,TRUE
5,0,2,294,12,0,0,5,0.283636,0,18016,25000,TRUE
3,0,1,87,1,0,0,0,0,0,0,55000,FALSE
2,0,5,99,0,0,0,0,0,0,0,36000,FALSE
3,0,0,92,2,0,0,4,0.42375,0,33684,105000,TRUE
1,0,4,272,0,0,2,3,0,0,51463,28000,FALSE
6,0,0,404,8,0,0,5,0.185464,0,116350,52000,TRUE
0,0,4,335,0,0,0,1,0,0,48215,28000,TRUE
16,0,0,134,2,0,0,19,0.688717,0,289262,68000,TRUE
7,0,7,156,1,0,0,6,0.913992,0,59888,71600,TRUE
1,0,2,178,0,0,1,4,0.384096,0,30250,30000,TRUE
4,0,0,128,1,0,0,5,0.798551,0,26824,5100,TRUE
3,1,0,403,2,0,0,2,0.713,0,3000,74000,TRUE
6,0,2,267,3,0,0,13,1.74837,0,72806,78000,TRUE
6,0,1,157,2,0,0,19,0.585755,0,120005,75000,TRUE
14,0,0,189,3,0,0,11,0.77482,0,9510,40000,TRUE
5,0,3,70,1,0,0,8,0.339231,0,9100,31000,TRUE
2,0,4,87,4,0,0,6,0.771667,0,11713,30000,TRUE
0,0,4,383,1,0,0,1,0,0,13435,1650,TRUE
2,0,1,117,0,0,0,5,0.525714,0,43125,95000,TRUE
4,0,1,308,1,0,0,8,0.718053,0,43300,80000,TRUE
4,0,0,274,0,0,0,10,0.148606,0,1441787,49600,TRUE
9,0,0,36,1,0,0,11,0.914167,0,23178,10000,TRUE
3,0,0,226,0,0,0,4,0.74375,0,139395,27168,TRUE
5,0,0,423,1,0,0,16,0.58682,0,457736,200000,TRUE
1,0,0,82,0,0,0,1,0.576,0,2500,37000,TRUE
2,0,0,171,0,1,0,3,0.332,0,31270,50000,TRUE
0,0,0,36,0,0,0,1,0,0,4952,20000,TRUE
4,0,0,14,2,0,0,3,0.22,0,12180,15000,TRUE
0,0,2,218,1,0,0,1,0,0,4466,10000,TRUE
0,1,1,126,0,0,0,0,0,0,0,15000,FALSE
11,0,0,219,5,0,0,16,0.572336,0,59657,75000,TRUE
20,0,1,211,6,0,0,18,0.818799,0,35592,29000,TRUE
12,0,0,301,1,0,0,14,0.23227,0,181615,72000,TRUE
5,0,0,159,0,0,0,8,0.825098,0,234434,39000,TRUE
12,0,0,135,17,0,0,14,0.712584,0,31967,52000,TRUE
3,0,2,268,1,0,0,2,0,0,10068,25000,TRUE
2,0,1,87,1,0,0,2,0.210625,0,4800,35000,TRUE
10,0,1,102,0,1,0,5,1.202,0,21029,25000,FALSE
3,0,6,200,6,0,0,1,0,0,11242,21600,FALSE
0,0,5,142,1,1,0,1,0,0,9815,24000,TRUE
1,0,4,122,1,0,0,1,0,0,400,75000,TRUE
7,0,0,131,0,0,0,7,0.286915,0,111539,55000,TRUE
6,0,0,121,5,0,0,11,0.731351,0,59721,72000,TRUE
4,0,2,102,1,0,1,18,0.914667,0,77842,39000,TRUE
0,0,2,232,1,0,0,0,0,0,0,48000,FALSE
6,0,0,95,11,0,0,7,0.22102,0,51237,42000,TRUE
5,0,0,203,1,0,0,3,0.0069863,0,25092,48000,TRUE
1,0,1,154,1,0,0,2,0,0,1545,80000,FALSE
3,0,0,249,0,0,0,15,0.421875,0,63270,38000,TRUE
12,0,2,206,8,0,0,17,0.519026,0,163545,45000,TRUE
1,0,2,75,1,0,0,1,0,0,64058,58000,FALSE
0,0,2,227,1,0,1,2,0,0,61883,60000,TRUE
2,0,3,185,2,0,0,0,0,0,0,27542,FALSE
7,0,0,56,2,0,0,9,0.378157,0,39600,45000,TRUE
15,0,7,131,0,0,0,27,1.01437,0,67276,55000,TRUE
3,0,4,110,2,1,0,3,1.3975,0,15439,42000,FALSE
5,0,1,378,0,0,0,5,0.751264,0,8800,32000,TRUE
2,0,6,135,5,0,0,0,0,0,0,30000,FALSE
1,0,1,260,1,0,0,1,0,0,24026,30000,FALSE
0,0,1,239,0,0,0,2,0.93,0,700,24000,TRUE
3,0,0,104,3,0,0,9,0.234777,0,28845,30000,TRUE
4,0,4,195,1,0,0,8,0.229618,0,112477,85000,TRUE
3,0,2,245,3,0,0,4,0.836667,0,25081,25000,TRUE
10,0,4,142,15,0,0,17,0.485,0,57664,13000,TRUE
2,0,2,167,3,0,0,1,0,0,11624,33000,TRUE
5,0,0,238,1,0,0,7,0.683923,0,77375,230000,TRUE
3,0,0,165,2,0,0,7,0.636411,0,35922,23000,TRUE
2,0,1,142,1,0,0,1,0.943333,0,300,32000,FALSE
3,0,0,33,4,0,0,2,0,0,44898,10000,TRUE
2,0,15,436,3,0,0,1,0,0,12700,20136,TRUE
3,0,1,62,2,0,0,3,1.02125,0,11409,2200,TRUE
2,0,1,209,0,0,0,2,0.806667,0,25441,70000,TRUE
3,0,2,186,0,0,0,0,0,0,0,38000,FALSE
4,0,5,90,3,1,0,5,1.01586,0,25079,39262,TRUE
8,0,5,177,0,0,0,2,0.67,0,87586,15000,TRUE
7,0,2,111,1,0,0,7,0.581176,0,29427,55000,TRUE
2,0,0,115,1,0,0,8,0,0,31561,32000,TRUE
0,0,4,179,0,0,0,3,0,0,13583,98700,TRUE
9,0,0,117,5,0,0,11,0.732727,0,27740,1040,TRUE
0,0,3,263,3,0,0,0,0,0,0,24000,FALSE
3,0,0,254,0,0,0,5,0.344151,0,48500,31680,TRUE
6,0,0,61,1,0,0,8,0.697321,0,98208,100000,TRUE
1,0,2,218,0,0,0,4,0,0,6918,35000,TRUE
2,0,3,82,2,0,0,2,0,0,1288,19000,TRUE
2,0,0,142,0,0,0,19,0.85057,0,110830,30000,TRUE
3,1,4,321,0,0,0,2,1.40667,0,23869,60000,FALSE
6,0,0,356,6,0,0,9,0.91861,0,6773,27000,TRUE
5,0,0,47,1,0,0,12,0.584731,0,39050,15000,TRUE
6,0,0,321,0,0,0,6,0.407917,0,314200,50000,TRUE
4,0,0,120,0,0,0,25,0.721737,0,558347,110000,TRUE
4,1,0,241,0,0,1,5,0.550261,0,54151,38396,TRUE
1,0,0,83,0,0,0,1,0,0,9849,30000,TRUE
7,0,5,445,6,0,0,7,0.737288,0,18853,24000,TRUE
4,0,3,249,1,0,1,23,0.819,0,97774,32000,TRUE
3,0,1,162,0,0,0,9,0.480782,0,64194,40000,TRUE
1,0,1,124,1,0,0,0,0,0,0,24000,TRUE
2,0,0,182,0,0,0,9,0.222804,0,141966,71000,TRUE
6,0,3,123,1,0,0,13,0.264678,0,36147,27789,TRUE
1,0,1,127,1,0,0,6,0.980333,0,45762,43000,TRUE
5,0,0,356,2,0,0,8,0.409319,0,282202,68000,TRUE
10,0,1,235,2,0,0,11,0.829674,0,18286,50000,TRUE
4,0,1,190,2,0,0,3,0.0195652,0,2300,44000,TRUE
1,0,1,39,2,0,0,0,0,0,0,15000,FALSE
4,0,0,178,2,0,0,4,0.443077,0,41778,72176,TRUE
3,0,0,87,0,0,0,5,0.923973,0,32200,1200000,TRUE
4,0,6,60,7,1,0,8,0.656667,0,48960,28000,TRUE
0,0,0,102,0,0,0,1,0,0,78551,40000,TRUE
16,0,0,392,9,0,0,9,0.177651,0,126480,92600,TRUE
1,0,3,334,3,0,0,1,0,0,24796,24840,TRUE
1,0,5,89,1,0,0,0,0,0,0,20000,FALSE
2,0,3,155,2,0,0,3,0,0,8646,25000,FALSE
2,0,0,79,2,0,0,2,0,0,14202,22000,TRUE
4,0,4,155,6,0,0,5,0.983333,0,37260,70000,TRUE
20,0,0,193,5,0,1,19,0.876738,0,428172,99999,TRUE
4,0,0,211,3,0,0,6,0,0,10013,20000,TRUE
3,0,1,57,1,0,0,6,0,0,13750,39000,TRUE
2,0,0,173,0,0,0,3,0.3416,0,56962,106000,TRUE
3,0,0,77,0,0,0,2,0,0,194402,19000,TRUE
17,0,0,263,4,0,2,17,1.00843,0,421218,87821,TRUE
9,0,0,68,10,0,0,38,0.222814,0,179500,73000,TRUE
10,0,4,219,0,0,0,8,1.15913,0,148640,56000,TRUE
6,0,0,58,0,0,0,10,0.37835,0,247890,45000,TRUE
5,0,1,190,0,0,1,4,1.25086,0,5650,38000,FALSE
6,0,0,15,0,0,0,3,0.0239437,0,9640,73325,TRUE
1,0,5,140,0,0,0,1,0,0,10090,3000,TRUE
5,0,1,112,3,0,0,8,0.501667,0,14720,16098,TRUE
0,0,0,179,0,0,0,0,0,0,0,54000,FALSE
3,0,1,57,2,0,0,5,0.855,0,21306,19000,TRUE
7,0,0,234,0,0,0,15,0.366474,0,108466,38000,TRUE
1,0,3,304,1,0,0,1,0,0,21259,45000,TRUE
2,0,0,89,1,0,0,10,0.193905,0,134301,35000,TRUE
5,0,0,110,1,0,0,14,0.408713,0,79537,54000,TRUE
4,0,2,139,3,0,0,7,0.815714,0,20896,39000,TRUE
5,0,0,265,2,0,0,4,0.212979,0,32598,60000,TRUE
16,1,0,319,9,0,0,12,0.492265,0,46151,70773,TRUE
1,0,2,144,1,0,0,6,1.11833,0,15595,26000,FALSE
8,0,0,267,0,0,0,10,0.71098,0,29070,44000,TRUE
0,0,0,344,0,0,0,2,0.1192,0,168459,45000,TRUE
7,0,0,106,6,0,0,10,0.602767,0,62118,27000,TRUE
6,0,2,86,0,0,2,5,1.25364,0,103758,40000,FALSE
2,0,3,130,2,0,0,3,0.127563,0,21450,60000,TRUE
1,0,0,122,0,0,0,3,1.00762,0,16800,50000,TRUE
10,0,0,117,1,0,1,2,0,0,1702,20000,TRUE
8,0,2,163,0,0,0,8,0,0,39933,22000,TRUE
6,0,0,179,4,0,0,8,0.648305,0,58945,45000,TRUE
13,0,0,422,7,0,0,25,0.541036,0,55471,40000,TRUE
5,0,0,395,0,0,0,10,0.199643,0,135759,97800,TRUE
8,0,0,198,4,0,0,24,0.396506,0,203722,97850,TRUE
1,0,4,112,6,0,0,3,0.604784,0,28816,45000,TRUE
3,0,1,106,2,0,0,5,0.457,0,18671,70000,TRUE
4,0,1,172,7,0,0,5,0.709868,0,21110,40000,TRUE
3,0,9,135,2,0,0,2,1.0625,0,400,45336,FALSE
3,0,4,306,1,0,2,3,1.154,0,95153,47999,FALSE
6,0,0,154,1,0,0,5,0.883636,0,10840,36000,TRUE
2,0,3,387,2,0,0,2,0.9,0,16785,36216,TRUE
13,1,0,118,3,0,0,5,0.996667,0,46538,55000,TRUE
3,0,3,340,1,0,0,3,0.87,0,9053,2000,TRUE
3,0,0,372,1,0,0,5,0.25,0,147901,45000,TRUE
7,0,0,68,0,0,0,7,1.0115,0,37255,24000,TRUE
2,0,4,83,0,0,1,1,0,0,16364,38400,FALSE
4,0,0,112,3,0,0,10,0.803387,0,83325,80000,TRUE
7,0,0,251,1,0,0,14,0.339399,0,178237,24000,TRUE
5,0,0,110,3,0,0,18,0.600121,0,118148,35000,TRUE
2,0,0,103,0,0,0,4,0,0,28706,32000,TRUE
0,0,1,132,0,0,0,0,0,0,0,21950,FALSE
2,0,5,42,0,0,0,1,0,0,15243,27000,TRUE
5,0,0,306,0,0,0,7,0.567046,0,67694,190000,TRUE
4,0,8,172,5,0,0,4,0,0,11357,85000,TRUE
0,0,1,271,0,0,0,1,0,0,2880,27000,TRUE
9,0,0,72,2,0,0,16,0.193172,0,58860,30000,TRUE
3,0,0,70,3,0,0,4,0.681111,0,53341,75000,TRUE
2,0,0,110,0,0,0,11,0.122554,0,151666,40000,TRUE
5,0,0,354,0,0,0,8,0.297792,0,72357,45000,TRUE
0,0,1,53,2,0,0,0,0,0,0,30000,FALSE
9,0,4,145,1,0,0,13,0,0,55688,10000,TRUE
11,0,0,133,3,0,0,8,0.420901,0,42690,40000,TRUE
5,0,2,104,3,0,0,5,0.955,0,20235,27000,TRUE
5,0,0,185,3,0,0,5,0.812,0,39584,33000,TRUE
4,0,1,189,2,0,0,5,0,0,39535,35,TRUE
1,0,0,49,2,0,0,3,0.78449,0,20176,36000,TRUE
3,0,5,188,6,0,0,18,1.14,0,41436,65000,TRUE
7,0,0,4,37,0,0,7,0.634944,0,39197,87000,TRUE
2,0,1,69,0,0,0,9,0,0,23655,7200,TRUE
1,0,0,156,5,0,0,3,0.89749,0,29480,65000,TRUE
1,0,0,11,1,0,0,0,0,0,0,0,TRUE
6,0,0,235,1,0,0,7,0.701479,0,132983,25000,TRUE
7,0,0,361,2,0,0,13,0.687675,0,170031,65000,TRUE
3,0,0,50,0,0,0,3,0.773158,0,16940,30000,TRUE
2,0,0,93,1,0,0,2,0.606667,0,600,20100,TRUE
2,0,2,130,0,1,0,2,0,0,8200,29000,TRUE
8,0,0,24,1,0,0,9,0.9612,0,14751,35000,TRUE
0,0,2,253,1,0,1,1,0,0,24305,20000,FALSE
4,0,4,129,3,0,0,6,1.49778,0,25410,28800,TRUE
4,0,2,66,2,0,0,5,0.941282,0,26748,65000,TRUE
4,0,0,155,1,0,0,22,0.933827,0,539453,150000,TRUE
5,0,1,406,0,0,0,9,0.939522,0,104234,73371,TRUE
20,0,4,108,4,0,1,11,0,0,49329,47000,TRUE
3,0,0,100,0,0,0,7,0.9602,0,84873,70000,TRUE
1,0,3,235,0,0,0,0,0,0,0,21120,TRUE
3,0,0,379,2,0,0,8,0.0700241,0,188093,178850,TRUE
5,0,1,169,0,0,0,7,0.314141,0,57608,35000,TRUE
1,0,2,120,3,0,0,1,0,0,16050,26000,TRUE
5,0,1,89,3,0,0,5,0.8775,0,10700,10000,TRUE
6,0,0,273,0,0,0,8,0.644561,0,105442,41500,TRUE
1,0,1,109,3,0,0,1,1.14267,0,750,30000,FALSE
11,0,0,113,1,0,0,11,0.628426,0,146263,60000,TRUE
2,0,0,30,1,0,0,2,0.67,0,15990,31200,TRUE
3,0,0,9,4,0,0,1,0.985185,0,540,59850,TRUE
1,0,1,112,1,0,0,0,0,0,0,63000,TRUE
3,0,1,123,2,0,0,5,0,0,19600,35000,TRUE
0,0,12,168,0,0,0,0,0,0,0,23000,TRUE
3,0,1,108,2,1,0,2,0.194545,0,5500,40000,TRUE
2,0,0,113,0,0,0,0,0,0,0,7000,FALSE
2,0,4,107,0,0,0,10,0,0,17903,13485,TRUE
2,0,1,445,2,0,0,2,0.608,0,22766,70000,TRUE
1,0,0,33,0,0,0,2,0.859429,0,3500,19000,TRUE
1,0,1,134,0,0,0,5,0.114985,0,139248,65700,TRUE
7,0,0,115,10,0,0,12,0.597619,0,114551,50000,TRUE
2,0,1,100,1,0,0,6,0.591351,0,12954,40000,TRUE
0,0,0,174,3,0,0,6,0,0,18882,25000,TRUE
1,0,0,79,11,0,0,0,0,0,0,60000,TRUE
3,0,1,362,3,0,0,12,0.895217,0,39050,26000,TRUE
4,0,0,111,0,0,0,16,0.183229,0,126494,56400,TRUE
9,0,3,237,1,0,0,8,0.664667,0,179964,65000,TRUE
2,0,0,474,2,0,0,12,0.623309,0,74552,54000,TRUE
4,0,0,185,11,0,0,3,1.088,0,36897,22000,TRUE
5,0,6,200,13,0,0,3,0,0,45126,44358,TRUE
2,0,0,166,0,0,0,4,0.102676,0,566468,145000,TRUE
0,0,1,91,0,0,0,3,0.301176,0,46840,34000,TRUE
1,0,1,277,1,0,1,3,0,0,57018,40000,TRUE
6,0,2,354,7,0,0,13,0.860819,0,350557,56465,TRUE
2,0,0,171,2,0,0,3,0.152453,0,45687,85000,TRUE
3,0,1,49,4,0,0,2,0,0,16176,2000,TRUE
5,0,0,337,1,0,0,8,0.747291,0,423400,125000,TRUE
2,0,2,251,1,0,0,1,0,0,14923,17000,TRUE
8,0,0,47,4,0,0,9,0.341429,0,167585,50000,TRUE
6,0,0,153,1,0,0,14,0.604788,0,122479,80000,TRUE
4,0,0,93,0,0,0,8,0.424531,0,17850,45000,TRUE
1,0,2,75,0,0,0,0,0,0,0,40000,FALSE
8,0,2,182,0,0,1,14,0.965556,0,43555,52000,TRUE
3,0,3,199,1,0,0,3,0.955172,0,1450,60000,TRUE
0,0,2,110,1,0,0,1,0,0,4619,25000,TRUE
2,0,1,77,3,0,0,1,0,0,27165,16000,TRUE
2,0,3,131,8,0,0,2,0,0,40690,18000,TRUE
4,0,1,303,1,0,0,6,0.577233,0,16236,54000,TRUE
28,0,1,176,7,0,0,32,0.271917,0,197926,52000,TRUE
5,0,0,296,1,0,0,10,0.572177,0,40150,47000,TRUE
7,0,1,50,1,0,0,9,1,0,37778,27000,TRUE
0,0,3,94,0,0,0,0,0,0,0,13000,FALSE
11,0,3,170,4,0,0,6,0.478,0,14854,54000,TRUE
2,0,2,177,1,0,0,4,0.781037,0,33518,60000,TRUE
4,0,2,260,0,0,1,8,1.00124,0,114612,84000,TRUE
0,0,8,208,2,0,0,0,0,0,0,36400,FALSE
2,0,2,196,1,0,0,0,0,0,0,51000,FALSE
0,0,0,303,3,0,0,3,0,0,191079,76000,TRUE
0,0,3,321,0,0,0,1,0,0,4618,24000,TRUE
1,0,0,75,0,0,0,5,0.688494,0,61647,30000,TRUE
3,0,0,33,3,0,0,2,0.996667,0,2500,23261,TRUE
4,0,0,90,0,0,1,7,0.763077,0,35614,45000,TRUE
5,0,0,115,2,0,0,6,0.600674,0,194649,35000,TRUE
3,0,0,224,1,0,0,5,0.518222,0,26751,26300,TRUE
1,0,2,130,2,0,0,2,0.716207,0,2900,38000,TRUE
3,0,2,165,1,0,0,0,0,0,0,60000,TRUE
3,0,0,77,4,0,0,13,0.832973,0,49766,39000,TRUE
0,0,0,196,5,0,0,1,0,0,10932,12000,TRUE
2,0,2,110,5,0,0,2,1.51333,0,11063,29916,FALSE
11,0,0,50,42,0,1,11,0.886985,0,31504,50000,TRUE
1,0,0,361,0,0,0,8,0.0740702,0,265472,80000,TRUE
2,0,1,96,5,0,1,1,0,0,16799,10000,FALSE
9,1,2,228,0,0,0,2,0,0,0,56000,FALSE
13,0,0,316,22,0,0,10,0.649706,0,136854,47750,TRUE
14,0,0,194,22,0,0,14,0.831099,0,54625,30000,TRUE
4,0,1,112,3,0,0,4,0.702632,0,1520,30000,TRUE
11,0,11,210,3,0,0,4,0.823333,0,32498,75000,TRUE
1,0,1,55,0,0,0,1,0,0,200,20000,TRUE
3,0,4,283,0,0,0,6,0,0,291533,50000,TRUE
1,0,5,155,1,0,0,0,0,0,0,20000,FALSE
1,0,7,179,4,0,0,15,0,0,29491,20000,FALSE
6,0,1,203,4,0,0,5,0.439683,0,24015,70000,TRUE
11,0,0,141,4,0,0,36,0.858082,0,136679,45000,TRUE
7,0,0,93,7,0,0,10,0.957619,0,308412,60000,TRUE
1,0,4,191,0,0,0,2,0,0,12544,0,FALSE
3,0,0,95,1,0,1,3,0.9592,0,1250,32000,TRUE
6,0,4,444,3,0,0,7,0.521739,0,24100,90000,TRUE
7,0,0,194,0,0,0,6,0.887917,0,161353,78000,TRUE
2,0,6,221,1,0,0,0,0,0,0,1400,FALSE
6,0,1,182,1,0,0,10,0,0,32913,1164,TRUE
2,0,0,105,2,0,0,4,0.210478,0,12980,25000,TRUE
7,0,1,113,0,0,1,3,0,0,19519,1600,TRUE
5,0,4,168,5,0,0,17,0.681481,0,26720,12800,TRUE
4,0,1,136,1,0,0,7,0.911667,0,22675,45000,TRUE
3,0,0,31,1,0,0,3,0.410811,0,7400,13500,TRUE
2,0,2,112,2,0,1,3,1.23,0,9800,2500,FALSE
3,0,0,116,0,0,0,5,0.256066,0,221203,215000,TRUE
4,0,2,119,6,0,0,5,0.846617,0,5646,40000,TRUE
5,0,1,170,3,0,0,4,0.912857,0,203366,4000,TRUE
3,0,3,250,1,0,0,4,0.141818,0,17107,32000,TRUE
4,0,1,74,11,0,0,11,0.877879,0,65098,70000,TRUE
18,0,0,115,3,0,1,36,0.659725,0,229533,57200,TRUE
3,1,1,343,7,0,0,2,0,0,15667,29514,FALSE
0,0,7,114,0,0,0,8,0.834,0,31241,30000,TRUE
12,0,4,115,1,0,0,19,0.70525,0,51330,52000,TRUE
10,0,0,95,4,0,0,31,0.75041,0,140682,40000,TRUE
5,0,6,145,1,0,0,2,0,0,0,65000,FALSE
1,0,2,150,0,0,0,11,0.714834,0,19100,50000,TRUE
1,0,0,109,0,0,0,9,0.00625,0,30850,50000,TRUE
4,0,3,237,8,0,0,6,0.468571,0,113400,60000,TRUE
3,0,0,345,0,0,0,1,0.15,0,300,36000,TRUE
0,0,2,74,4,0,0,0,0,0,0,48000,FALSE
7,0,3,88,1,0,2,6,1.02118,0,26963,29000,TRUE
2,0,2,217,3,0,0,2,0,0,18788,40000,TRUE
5,0,1,265,3,0,0,4,0,0,31248,40000,TRUE
4,0,3,90,4,0,1,7,0.548444,0,39373,34000,FALSE
3,0,2,142,0,0,0,9,0.582872,0,31955,45000,TRUE
9,0,0,92,1,0,1,5,0,0,164175,40000,TRUE
4,0,4,160,0,0,0,4,0.843464,0,29958,52000,TRUE
4,0,4,149,0,0,1,11,0,0,29651,20000,TRUE
4,0,0,32,0,0,0,5,0.135696,0,14783,50000,TRUE
3,0,1,216,2,0,0,4,0.667647,0,6567,40000,TRUE
4,0,0,288,1,0,0,6,0.896859,0,37933,170000,TRUE
10,0,2,322,1,0,0,8,0.842174,0,26529,55000,TRUE
5,0,1,47,5,0,0,4,0,0,14442,42000,TRUE
3,0,3,118,2,0,0,2,0,0,63880,30000,TRUE
5,0,0,44,0,0,0,4,0.925172,0,5843,12000,TRUE
4,0,7,82,2,0,0,6,0.931579,0,73391,60000,TRUE
5,0,0,88,3,0,0,2,0,0,14316,40000,TRUE
4,0,7,266,2,0,0,3,0.994419,0,2150,28000,TRUE
8,0,0,237,5,0,0,6,0.148667,0,9927,83000,TRUE
5,0,0,335,0,0,0,5,0.8788,0,37682,43000,TRUE
5,0,5,175,9,1,0,8,0.0275172,0,43075,51400,TRUE
9,0,6,240,0,0,0,8,0.720215,0,85653,65000,TRUE
2,0,1,360,9,0,0,2,0.374444,0,900,31803,TRUE
2,0,0,13,0,0,0,1,1.13,0,500,7200,FALSE
13,0,3,324,1,0,1,5,0,0,9713,24000,TRUE
2,0,0,70,0,0,0,3,0.9805,0,30710,28000,TRUE
3,0,1,283,0,0,0,4,0.900937,0,131942,60000,TRUE
1,0,7,286,0,0,0,1,0,0,21481,57000,TRUE
4,0,0,319,2,0,0,4,0.969333,0,245248,69500,TRUE
11,0,1,236,1,0,0,14,0.740346,0,44693,50001,TRUE
6,0,0,88,1,0,0,25,1.02124,0,94406,46000,TRUE
9,0,0,361,0,0,0,7,0.118235,0,194675,84000,TRUE
4,0,7,272,4,0,0,2,0,0,23480,45000,TRUE
3,0,0,37,1,0,0,2,0.847419,0,3100,22000,TRUE
5,0,1,152,1,0,0,7,0.894629,0,28050,45000,TRUE
4,0,0,276,0,0,0,9,0.91972,0,22192,19000,TRUE
18,0,1,119,13,0,0,10,1.03273,0,31139,31000,FALSE
5,0,1,219,1,0,0,2,0,0,25402,26000,TRUE
1,0,5,127,3,0,0,0,0,0,0,80000,FALSE
3,0,0,154,1,0,0,6,0.5245,0,83958,40000,TRUE
4,0,7,196,4,0,1,3,0,0,16651,70000,TRUE
1,0,1,396,4,0,0,2,0.519355,1,1550,34000,TRUE
6,0,3,214,4,0,0,19,0.975,0,58132,45000,TRUE
4,0,0,131,2,0,0,10,0.976527,0,134294,58000,TRUE
2,0,2,111,3,0,0,5,0.531111,0,29831,52000,TRUE
3,0,2,66,5,0,0,2,1.02238,0,12973,45000,TRUE
5,0,7,114,1,0,0,3,0,0,19484,32000,TRUE
2,0,0,100,2,0,0,3,0.0973958,0,19100,31200,TRUE
3,0,1,94,0,0,0,12,0.745288,0,14645,3500,TRUE
5,0,1,329,4,0,1,5,0.848148,2,325367,50000,TRUE
1,0,2,156,2,0,0,3,0.27,0,17732,22000,TRUE
2,0,2,235,2,0,0,2,0.166389,0,3600,30500,TRUE
7,0,2,221,0,0,0,6,0.284314,0,36110,108000,TRUE
6,0,0,119,10,0,0,4,0.986028,0,37915,56000,TRUE
3,0,2,182,0,0,0,8,0.995368,0,104952,70000,TRUE
15,0,0,408,4,0,0,14,0.248134,0,62935,74000,TRUE
14,0,0,315,25,0,0,34,0.750213,0,150904,50000,TRUE
4,0,0,165,2,0,2,18,0.898424,0,113481,76000,TRUE
0,0,7,269,2,1,0,11,0,0,54148,38000,TRUE
13,0,0,384,1,0,0,22,0.439052,0,718030,112000,TRUE
2,0,0,191,1,0,0,7,0.275472,0,191926,51400,TRUE
9,0,0,63,0,0,0,16,1.00029,0,95451,0,TRUE
2,0,7,260,0,0,1,1,0,0,17460,65000,FALSE
1,0,2,152,0,0,1,10,0.702,0,60243,25000,TRUE
9,0,0,150,0,0,0,9,0.285661,0,334718,76000,TRUE
2,0,0,201,3,0,0,2,0,0,45332,2500,TRUE
2,0,3,121,2,0,2,4,1.22667,0,87777,44000,TRUE
8,0,0,138,8,0,0,15,0.473583,0,70002,30000,TRUE
1,0,1,183,1,0,3,18,0.932996,0,65399,75000,TRUE
6,1,0,157,1,0,0,7,1.792,0,123565,31200,TRUE
9,0,1,84,1,0,0,6,0,0,43701,30000,TRUE
9,0,0,119,0,0,0,11,0.154713,0,182864,75000,TRUE
3,0,0,227,0,0,1,8,0.408236,0,122476,60000,TRUE
0,0,0,392,0,0,0,1,0.0285,0,20000,100000,TRUE
0,0,1,21,1,0,0,0,0,0,0,25000,TRUE
4,0,0,108,1,0,0,8,0.678112,0,74010,32000,TRUE
4,0,0,146,0,0,0,12,0.138049,0,60328,40000,TRUE
3,0,0,100,2,0,0,10,0.642713,0,25300,65500,TRUE
3,0,0,114,2,0,0,1,0,0,8504,80000,TRUE
6,0,0,130,6,0,0,17,0.675092,0,82697,35000,TRUE
11,0,0,220,3,0,0,18,0.779405,0,77256,45000,TRUE
9,0,0,182,1,0,0,8,0.898844,0,47303,60000,TRUE
0,0,3,54,6,0,0,1,0,0,9616,45000,TRUE
9,0,4,85,10,1,0,16,2.155,0,49346,80000,TRUE
1,0,10,191,2,1,0,1,0.923333,0,300,72000,TRUE
3,1,0,274,1,0,1,2,0,0,13326,60000,FALSE
1,0,5,161,2,0,0,6,0.507249,0,22662,52000,TRUE
1,0,0,87,8,0,0,1,1.456,0,500,23000,FALSE
3,0,3,253,7,0,0,3,0.893684,0,44413,100000,TRUE
11,0,0,291,4,0,0,8,0.198431,0,61166,45000,TRUE
11,0,2,124,4,0,0,17,0,0,27403,40000,TRUE
8,0,0,143,7,0,0,18,0.5305,0,41455,18000,TRUE
11,0,2,282,2,0,0,11,0.513034,0,134698,30000,TRUE
9,0,0,278,4,0,0,16,0.739079,0,73167,40000,TRUE
1,0,6,191,0,0,0,4,0,0,42873,34000,TRUE
3,0,0,111,0,0,0,20,0.110054,0,67753,45000,TRUE
7,0,6,172,1,0,0,6,0,0,13250,24000,TRUE
7,0,0,91,0,0,0,14,0.808323,0,134138,20000,TRUE
2,0,3,105,3,0,0,6,1.17,0,14917,25000,TRUE
15,0,0,248,2,0,0,12,0.623763,0,505607,120000,TRUE
1,0,0,158,0,0,0,4,0.00928775,0,29971,28000,TRUE
1,0,2,292,0,0,0,1,0,0,12499,20000,TRUE
9,0,1,122,3,0,0,12,0.773023,0,108626,150000,TRUE
2,0,10,145,0,0,0,0,0,0,0,28000,FALSE
2,0,4,320,1,0,0,3,0.678,0,43481,78000,TRUE
13,0,0,275,6,0,0,19,0.765474,0,509942,104000,TRUE
6,0,0,159,4,0,0,12,0.416715,0,753086,150000,TRUE
1,0,0,103,0,0,0,4,0,0,15419,22000,TRUE
13,0,0,232,0,0,0,15,0.578457,0,59837,113440,TRUE
9,0,3,124,9,0,1,9,0.700282,0,44210,40000,TRUE
13,0,2,272,5,0,0,12,0.508392,0,17927,40000,TRUE
2,0,5,322,1,0,0,2,1.02664,0,1051,25000,TRUE
1,0,0,286,1,0,0,6,0.137123,0,154903,285000,TRUE
4,0,0,126,7,0,0,6,0.335504,0,77486,56969,TRUE
6,0,2,266,4,0,0,6,0.316489,0,30619,26000,TRUE
9,0,0,76,2,0,0,7,0.0291803,0,53459,42000,TRUE
6,0,0,174,1,0,0,9,0.551527,0,49339,65000,TRUE
6,0,6,195,9,0,0,4,0.569524,0,46265,60792,TRUE
1,0,0,176,2,0,0,1,0,0,500,41000,TRUE
2,0,0,268,0,0,0,2,0,0,9500,56000,TRUE
3,0,12,210,5,3,0,0,0,0,0,45000,FALSE
4,0,4,74,0,0,1,1,0,0,12696,15840,FALSE
7,0,2,219,0,0,1,5,0.66625,0,23651,38000,TRUE
14,0,0,136,4,0,0,18,0.623045,0,77470,79728,TRUE
4,0,0,284,0,0,0,5,0.934167,0,40471,50000,TRUE
3,0,0,226,0,0,0,6,0.926542,0,59271,62000,TRUE
2,0,1,230,2,0,0,4,0.410909,0,48519,60000,TRUE
2,0,3,259,4,0,0,1,0,0,20908,28000,TRUE
1,0,3,196,1,0,0,0,0,0,0,27000,FALSE
1,0,3,326,0,0,1,6,0,0,186928,34000,TRUE
8,0,1,52,18,0,0,7,0.511429,0,20611,25000,TRUE
3,0,0,10,1,0,0,1,0.184667,0,1500,10000,TRUE
5,0,0,132,1,0,0,12,0.967538,0,84810,44000,TRUE
6,0,0,185,2,0,0,5,0.259,0,33334,42000,TRUE
2,0,0,120,0,0,0,7,0.533029,0,135948,47000,TRUE
1,0,0,38,6,0,0,2,0,0,40739,36000,TRUE
5,0,0,280,0,0,0,25,0.608095,0,90291,70000,TRUE
0,0,1,105,1,0,0,2,1.03015,0,6800,39000,TRUE
6,0,1,356,3,0,1,8,1.08366,0,196317,60000,TRUE
1,0,2,240,0,0,0,2,0.8808,0,197528,58000,TRUE
3,0,3,258,1,0,0,4,0.484571,0,281690,57000,TRUE
6,0,2,236,0,0,0,11,0,0,43641,30000,TRUE
3,0,0,194,1,0,0,3,0.459062,0,3200,70000,TRUE
7,0,0,303,1,0,0,8,0.603495,0,48453,56000,TRUE
1,0,0,61,3,0,0,5,0.684014,0,14700,75000,TRUE
2,0,0,164,1,0,0,11,0.758282,0,321461,98700,TRUE
1,0,0,90,0,0,0,2,0.746857,0,3500,50000,TRUE
6,0,2,198,3,0,0,4,0,0,46606,34000,TRUE
7,0,1,288,1,1,0,14,0,0,100432,25000,TRUE
4,0,0,184,2,0,0,7,0.938736,0,20958,26000,TRUE
7,0,0,101,2,0,0,8,0.733191,0,33743,43500,TRUE
6,0,0,164,3,0,0,12,0.466617,0,318690,200000,TRUE
4,0,2,289,2,0,0,4,0.826522,0,2300,75450,TRUE
0,0,7,243,5,1,0,2,0,0,60242,45000,TRUE
2,0,1,226,0,0,0,2,0.82875,0,4000,30000,TRUE
4,0,0,352,0,0,0,16,0.695399,0,237999,94000,TRUE
6,0,1,161,3,0,0,6,0.304109,0,28957,55000,TRUE
6,0,0,108,4,0,0,8,0.494719,0,170027,40000,TRUE
3,0,7,52,1,0,0,10,0.893333,0,34966,37258,TRUE
3,0,1,197,3,0,0,6,1.01306,0,58138,65000,TRUE
1,0,1,333,0,0,0,2,0,0,2000,4500,FALSE
3,0,0,86,0,0,1,8,0.358864,0,279622,70720,TRUE
3,0,2,323,0,0,0,6,0.613333,0,46412,40800,TRUE
1,0,5,77,1,0,0,0,0,0,0,1200,FALSE
15,0,1,246,6,0,0,16,0.857001,0,92825,45000,TRUE
4,0,0,40,0,0,0,4,1.02895,0,36320,31262,TRUE
5,0,0,62,0,0,0,6,0.341483,0,23600,140000,TRUE
3,0,1,352,0,0,0,3,0.964,0,24767,39000,TRUE
4,0,2,240,1,0,0,3,1.39,0,25470,72000,FALSE
5,0,0,102,2,0,0,8,1.06286,0,45342,15000,TRUE
2,0,0,241,0,0,0,10,0.755718,0,30008,36000,TRUE
9,0,0,278,0,0,0,17,0.907716,0,175656,165800,TRUE
5,0,2,161,1,0,0,7,0.91,0,14750,38000,TRUE
2,0,0,140,0,0,0,2,0.00156522,0,11500,150000,TRUE
4,0,0,138,0,0,0,4,0.786216,0,31456,58000,TRUE
6,0,6,198,11,2,0,1,0,0,10699,62000,FALSE
0,0,0,359,0,0,0,2,0,0,111260,168840,TRUE
1,0,3,228,6,0,0,1,0,1,23249,58000,TRUE
1,0,0,390,0,0,0,9,0.743794,0,298555,107000,TRUE
4,0,1,184,0,0,0,2,0,1,3887,75000,FALSE
3,0,0,257,2,0,0,6,0.524478,0,186466,40000,TRUE
8,0,0,220,2,0,0,12,0.856753,0,52884,50000,TRUE
9,0,4,136,1,0,1,5,1.16667,0,102980,30000,FALSE
12,0,1,104,9,0,0,19,0.841223,0,142878,35000,TRUE
2,0,3,290,3,0,0,7,0,0,146943,43000,TRUE
13,0,0,477,8,0,0,17,0.959129,0,220751,58000,TRUE
2,0,0,196,1,0,0,4,0.963755,0,33882,75000,TRUE
6,0,1,211,4,0,0,12,0.674318,0,41230,85000,TRUE
16,0,0,197,3,0,0,15,0.455306,0,40722,52000,TRUE
0,0,0,269,0,0,0,0,0,0,0,32000,TRUE
1,0,10,117,36,0,0,0,0,0,0,30000,FALSE
3,0,4,117,0,0,0,5,0,0,29050,40000,TRUE
4,0,0,207,1,0,0,9,0.325105,0,227545,72000,TRUE
15,0,3,130,18,0,0,14,0.876136,0,36541,32000,TRUE
1,0,5,195,0,0,0,1,0,0,21140,46000,TRUE
6,0,6,181,0,0,1,8,0,0,40615,16000,TRUE
3,0,6,108,0,0,0,4,0.9848,0,53690,30000,TRUE
1,0,5,170,7,0,0,3,0,0,112493,95000,TRUE
1,0,4,229,1,0,0,0,0,0,0,27500,FALSE
7,0,0,103,1,0,0,16,0.767585,0,189389,54912,TRUE
3,0,0,125,0,0,0,11,1.02231,0,28659,20000,TRUE
5,0,0,212,2,0,0,7,0.871905,0,464447,175000,TRUE
4,0,4,71,1,0,0,13,0.275556,0,34715,20000,TRUE
3,0,0,394,1,0,0,4,0.493214,0,5600,32000,TRUE
3,0,0,131,0,0,0,7,0.549519,0,116888,39000,TRUE
2,0,0,145,2,0,0,3,0.838679,0,21884,36000,TRUE
3,0,1,48,0,0,0,0,0,0,0,19000,FALSE
3,0,3,273,7,0,0,3,1.008,0,22693,38000,TRUE
4,0,0,148,15,0,0,14,0,0,48481,44304,TRUE
1,0,2,103,0,0,0,1,0,0,13123,30000,TRUE
1,0,5,312,3,0,0,13,0.578333,0,98418,16000,TRUE
4,0,3,190,7,0,1,3,0,0,35079,89000,FALSE
3,0,1,122,1,0,0,6,0.802,0,41628,59500,TRUE
4,0,0,396,1,0,0,6,0.49115,0,71212,60000,TRUE
3,0,2,112,3,0,0,2,0,0,26915,19500,TRUE
1,0,6,229,0,0,1,1,0,0,19604,42000,FALSE
3,0,0,139,6,0,0,2,1.178,0,3002,24000,FALSE
1,0,3,134,3,0,0,0,0,0,0,35000,TRUE
7,0,0,61,0,0,0,6,0.938267,0,44296,42000,TRUE
0,0,4,159,6,0,0,0,0,0,0,3500,FALSE
8,0,2,160,3,0,0,17,0.885461,0,335829,68000,TRUE
1,0,4,153,2,0,0,13,0,0,38923,26000,FALSE
1,0,0,52,6,0,0,2,1.01333,0,829,30000,TRUE
0,0,3,219,2,0,0,0,0,0,0,39000,FALSE
1,0,0,105,0,0,1,1,1.0062,0,10000,56000,FALSE
2,0,0,22,0,0,0,2,0,0,2117,18000,TRUE
5,0,5,150,0,1,0,6,0.311538,0,8680,7200,FALSE
1,0,2,130,4,0,0,2,0.242,0,14852,50000,TRUE
5,0,0,361,3,0,0,8,0.433771,0,38142,74000,TRUE
13,0,3,250,6,0,0,24,0.262857,0,44588,46000,TRUE
7,0,0,127,5,0,0,13,0.749916,0,309239,67000,TRUE
3,0,0,348,1,0,0,16,0.923119,0,119534,74000,TRUE
3,0,3,266,1,0,0,15,1.052,0,81321,45000,TRUE
5,0,1,238,0,0,0,9,0.849615,0,28313,63000,TRUE
6,0,0,82,0,0,0,7,0.12375,0,37300,35000,TRUE
2,0,2,256,2,0,0,1,0,0,12860,36000,TRUE
2,0,2,236,3,1,0,1,0,0,1050,40000,TRUE
3,1,2,125,9,1,0,1,0.804,0,250,35000,FALSE
0,0,4,87,2,1,0,2,0,0,12500,136580,TRUE
2,0,2,152,3,0,0,14,0,0,44251,36757,TRUE
7,0,1,122,0,0,0,5,0.284118,0,21665,38000,TRUE
0,0,1,102,18,0,0,2,0,0,30299,1300,TRUE
3,0,0,421,0,0,0,13,0.520276,0,77225,75000,TRUE
0,0,1,229,0,0,0,2,0,0,6625,50000,TRUE
0,0,6,131,0,0,0,1,0.75771,0,31000,31000,FALSE
3,0,3,193,1,0,1,4,0.388254,0,25642,45000,TRUE
8,0,4,244,3,0,0,19,0.565318,0,85817,1400,TRUE
6,0,0,232,1,0,0,19,0.643333,0,74573,82700,TRUE
3,0,4,185,2,0,0,5,0.845539,0,86234,40000,TRUE
4,0,3,169,0,0,0,11,0.3071,0,250308,29000,TRUE
5,0,0,115,0,0,0,10,0.621483,0,59517,60000,TRUE
9,0,0,152,8,0,0,9,0.488138,0,38451,150000,TRUE
3,0,0,125,2,0,0,4,0.366569,0,34901,65000,TRUE
1,0,6,198,5,0,0,0,0,0,0,35000,FALSE
3,0,0,100,2,0,0,3,0.249704,0,18824,28000,TRUE
11,0,0,410,5,0,0,15,0.781305,0,280559,105000,TRUE
7,0,1,158,1,0,0,7,0.581513,0,9775,40000,TRUE
13,0,0,344,5,0,0,11,0.182094,0,44848,31000,TRUE
1,0,1,227,4,0,0,6,0.865524,0,285050,110000,TRUE
0,0,3,215,1,0,0,1,0,0,0,24000,FALSE
12,0,1,195,0,0,0,9,0.332021,0,43533,42000,TRUE
0,1,0,117,0,0,0,8,0,0,24876,45000,TRUE
7,0,0,101,8,0,0,7,0.0787819,0,25450,34000,TRUE
10,0,2,248,2,0,0,12,0.402115,0,37872,37000,TRUE
3,0,0,96,10,0,0,10,0.240984,0,78400,50400,TRUE
6,0,1,86,2,0,0,7,0.897182,0,35294,48000,TRUE
0,0,5,141,0,0,0,0,0,0,0,33841,FALSE
3,0,0,277,3,0,0,6,0.570571,0,202694,54000,TRUE
5,0,6,219,1,0,0,16,0,0,58776,29800,TRUE
2,0,2,189,2,0,0,3,1.04,0,39028,120000,TRUE
3,0,0,207,1,0,0,3,0.867826,0,210008,75000,TRUE
6,0,6,104,5,1,0,20,1.03,0,70262,55000,TRUE
2,0,1,50,0,0,0,2,0.253333,0,1200,60000,TRUE
6,0,2,71,5,0,0,2,0,0,112,1900,FALSE
1,0,3,272,0,0,0,1,0,0,6817,14000,TRUE
2,0,0,94,0,0,0,2,0.982069,0,7250,30193,TRUE
8,0,3,129,0,0,1,7,0.693333,0,17770,18000,TRUE
5,0,0,381,0,0,1,9,1.07552,0,191732,44000,TRUE
4,0,0,278,3,0,0,5,0.117715,0,13830,30000,TRUE
4,0,0,46,0,0,0,4,0.725182,0,22286,14500,TRUE
7,0,0,255,13,0,0,14,0.513647,0,37430,35000,TRUE
3,0,0,105,1,0,0,10,0.625128,0,31704,26330,TRUE
6,0,3,106,1,0,0,28,0.870383,0,88192,75000,TRUE
2,0,0,226,0,0,0,5,0,0,323529,30000,TRUE
10,0,0,76,3,0,0,6,0.866897,0,35470,25000,TRUE
2,0,0,7,1,0,0,2,0.50375,0,800,12000,TRUE
5,0,0,363,1,0,0,8,0.334762,0,32588,10000,TRUE
1,0,0,65,0,0,0,14,0.796364,0,54549,58000,TRUE
1,0,5,119,2,0,0,0,0,0,0,24960,FALSE
5,0,0,236,0,0,0,5,0.302452,0,33559,44000,TRUE
3,0,0,370,0,0,0,5,0.0282353,0,155237,114129,TRUE
8,0,0,71,2,0,0,12,0.779388,0,75075,55000,TRUE
4,0,8,249,3,0,0,4,0,0,33063,60000,TRUE
2,0,3,197,7,0,0,2,1.10333,0,800,35784,TRUE
1,0,1,227,1,0,0,11,0.814818,0,196730,64000,TRUE
2,0,2,356,0,0,0,5,0.00777778,0,93546,66600,TRUE
3,0,0,196,1,0,0,8,0.112812,0,1158630,600000,TRUE
1,0,0,179,1,0,0,2,0,0,12850,43000,TRUE
2,0,0,111,1,0,0,12,0.967806,0,85675,50000,TRUE
0,0,0,93,1,0,0,1,0,0,10696,21000,TRUE
7,0,2,345,0,0,1,8,0.907336,0,22465,55000,TRUE
4,0,0,55,0,0,0,7,0.514583,0,29900,15000,TRUE
3,0,5,331,1,0,0,3,0.140455,0,4400,93000,TRUE
2,0,6,249,1,0,0,1,0,0,6335,68000,TRUE
5,0,0,43,0,0,0,7,0.807647,0,32287,30531,TRUE
3,0,4,195,0,0,0,5,0.996324,0,75301,55000,TRUE
2,0,0,218,4,0,0,12,0.880625,0,111305,100000,TRUE
4,0,0,66,1,0,0,5,0.975988,0,21809,35000,TRUE
6,0,0,127,1,0,1,10,1.05633,0,267006,45000,TRUE
7,0,0,187,0,0,0,14,0.614529,0,325724,62800,TRUE
10,0,2,76,4,0,0,9,0.688898,0,70546,68572,TRUE
1,0,5,255,0,0,0,0,0,0,0,60000,TRUE
1,0,0,225,1,0,0,0,0,0,0,10200,TRUE
10,0,1,183,2,0,0,12,0.489534,0,26120,27000,TRUE
4,1,0,148,4,0,0,4,0.934737,0,1900,45000,TRUE
5,0,1,269,3,0,0,3,0.83,0,19352,100000,TRUE
4,0,0,279,0,0,3,11,0.981059,0,78697,90000,TRUE
5,0,0,50,7,0,0,4,0.971333,0,61494,42000,TRUE
1,0,2,76,0,0,0,1,0,0,7338,30000,FALSE
5,0,5,120,0,0,0,7,0,0,11599,40000,TRUE
3,0,0,202,1,0,0,9,0.847211,0,341043,59000,TRUE
4,0,2,174,0,0,0,4,0.14875,0,9960,40000,TRUE
12,0,2,150,6,0,0,24,0.816667,0,50414,25884,TRUE
8,0,0,206,0,0,0,10,1.06105,0,233623,50000,TRUE
7,0,10,159,1,0,0,5,0.823013,0,61918,45000,TRUE
10,0,2,141,8,0,2,15,1.172,0,40447,32760,TRUE
1,0,1,199,0,1,0,16,0.661314,0,63591,28000,TRUE
6,0,3,276,1,0,0,8,0.513613,0,66622,87000,TRUE
10,0,0,190,1,0,0,15,0.457635,0,69894,46000,TRUE
1,0,2,116,2,0,0,3,0,0,26185,16368,TRUE
7,0,0,158,3,0,0,10,0.306944,0,46429,70000,TRUE
2,0,1,317,2,1,0,2,0.194286,0,24633,65000,TRUE
4,0,2,91,0,0,0,2,0,0,3800,10000,TRUE
3,0,5,100,7,0,0,3,0.127143,0,18831,30000,TRUE
0,0,0,195,0,0,0,5,0.662644,0,205884,64800,TRUE